INSERT INTO test.classrooms (id, "number")
VALUES ('6705b1e6-462f-11ed-b878-0242ac120002', 1),
       ('6705b556-462f-11ed-b878-0242ac120002', 2);

INSERT INTO test.day_schedule (id, day_number)
VALUES ('949694f0-4633-11ed-b878-0242ac120002', 1),
       ('94969946-4633-11ed-b878-0242ac120002', 2),
       ('94969afe-4633-11ed-b878-0242ac120002', 3),
       ('94969c3e-4633-11ed-b878-0242ac120002', 4),
       ('94969d7e-4633-11ed-b878-0242ac120002', 5),
       ('94969d8e-4633-11ed-b878-0242ac120002', 6),
       ('94969d9e-4633-11ed-b878-0242ac120002', 7),
       ('9496a616-4633-11ed-b878-0242ac120002', 1),
       ('9496a878-4633-11ed-b878-0242ac120002', 2),
       ('9496aa62-4633-11ed-b878-0242ac120002', 3),
       ('9496acec-4633-11ed-b878-0242ac120002', 4),
       ('9496ae22-4633-11ed-b878-0242ac120002', 5),
       ('9496ae23-4633-11ed-b878-0242ac120002', 6),
       ('9496ae24-4633-11ed-b878-0242ac120002', 7);
INSERT INTO test.teachers (id, firstname, lastname, birthday, "degree", salary, first_date, "rank", title)
VALUES ('e966f608-4621-11ed-b878-0242ac120002', 'Yulia', 'Chunyak', '1980-01-19 12:00:00', 'NTUU KPI', 2800,
        '2000-09-19 08:00:00', 'lecturer', 'doctor'),
       ('e966c430-4621-11ed-b878-0242ac120002', 'Kateryna', 'Kyrylenko', '1980-01-01 12:00:00', 'NTUU KPI', 1000,
        '2000-09-01 08:00:00', 'lecturer', 'phd');

INSERT INTO test."groups" (id, "name")
VALUES ('4937378e-4620-11ed-b878-0242ac120002', 'ET-01'),
       ('49373afe-4620-11ed-b878-0242ac120002', 'ET-11');
INSERT INTO test.students (id, firstname, lastname, birthday, group_id, course, is_captain)
VALUES ('f92afb9e-462a-11ed-b878-0242ac120002', 'Yura', 'Orlycia', '1980-01-01 12:00:00',
        '4937378e-4620-11ed-b878-0242ac120002', 1, FALSE),
       ('f92afe3c-462a-11ed-b878-0242ac120002', 'Andriy', 'Lyseiko', '1980-01-02 12:00:00',
        '49373afe-4620-11ed-b878-0242ac120002', 1, FALSE);

INSERT INTO test.subjects (id, "name")
VALUES ('79324d34-434b-11ed-b878-0242ac120002', 'Electrical drive'),
       ('79324e2e-434b-11ed-b878-0242ac120002', 'Microprocessors');
INSERT INTO test.subjects (id, "name")
VALUES ('79325996-434b-11ed-b878-0242ac120002', 'Elements of operational calculus'),
       ('79325a72-434b-11ed-b878-0242ac120002', 'Physical training');
INSERT INTO test.lessons (id, subject, classroom, "number", start_time, end_time, teacher)
VALUES ('1228e436-462f-11ed-b878-0242ac120002', '79324d34-434b-11ed-b878-0242ac120002',
        '6705b1e6-462f-11ed-b878-0242ac120002', 2, '10:25:00', '12:00:00', 'e966f608-4621-11ed-b878-0242ac120002'),
       ('1228e5a8-462f-11ed-b878-0242ac120002', '79324d34-434b-11ed-b878-0242ac120002',
        '6705b1e6-462f-11ed-b878-0242ac120002', 3, '12:20:00', '13:55:00', 'e966f608-4621-11ed-b878-0242ac120002'),
       ('1228e6d4-462f-11ed-b878-0242ac120002', '79324d34-434b-11ed-b878-0242ac120002',
        '6705b1e6-462f-11ed-b878-0242ac120002', 4, '14:15:00', '15:50:00', 'e966f608-4621-11ed-b878-0242ac120002'),
       ('1228e7f6-462f-11ed-b878-0242ac120002', '79324d34-434b-11ed-b878-0242ac120002',
        '6705b1e6-462f-11ed-b878-0242ac120002', 3, '12:20:00', '13:55:00', 'e966f608-4621-11ed-b878-0242ac120002'),
       ('1228e986-462f-11ed-b878-0242ac120002', '79324d34-434b-11ed-b878-0242ac120002',
        '6705b556-462f-11ed-b878-0242ac120002', 1, '08:00:00', '10:05:00', 'e966f608-4621-11ed-b878-0242ac120002'),
       ('1228ebe8-462f-11ed-b878-0242ac120002', '79325a72-434b-11ed-b878-0242ac120002',
        '6705b556-462f-11ed-b878-0242ac120002', 3, '12:20:00', '13:55:00', 'e966c430-4621-11ed-b878-0242ac120002'),
       ('1228f07a-462f-11ed-b878-0242ac120002', '79325a72-434b-11ed-b878-0242ac120002',
        '6705b556-462f-11ed-b878-0242ac120002', 4, '14:15:00', '15:50:00', 'e966c430-4621-11ed-b878-0242ac120002'),
       ('1228f1e2-462f-11ed-b878-0242ac120002', '79325a72-434b-11ed-b878-0242ac120002',
        '6705b556-462f-11ed-b878-0242ac120002', 2, '10:25:00', '12:00:00', 'e966c430-4621-11ed-b878-0242ac120002'),
       ('1228f304-462f-11ed-b878-0242ac120002', '79325a72-434b-11ed-b878-0242ac120002',
        '6705b556-462f-11ed-b878-0242ac120002', 3, '12:20:00', '13:55:00', 'e966c430-4621-11ed-b878-0242ac120002'),
       ('1228f494-462f-11ed-b878-0242ac120002', '79325a72-434b-11ed-b878-0242ac120002',
        '6705b556-462f-11ed-b878-0242ac120002', 2, '10:25:00', '12:00:00', 'e966c430-4621-11ed-b878-0242ac120002');
INSERT INTO test.lessons_groups (lesson_id, group_id)
VALUES ('1228e436-462f-11ed-b878-0242ac120002', '4937378e-4620-11ed-b878-0242ac120002'),
       ('1228e436-462f-11ed-b878-0242ac120002', '49373afe-4620-11ed-b878-0242ac120002'),
       ('1228e6d4-462f-11ed-b878-0242ac120002', '4937378e-4620-11ed-b878-0242ac120002'),
       ('1228e6d4-462f-11ed-b878-0242ac120002', '49373afe-4620-11ed-b878-0242ac120002'),
       ('1228e7f6-462f-11ed-b878-0242ac120002', '49373afe-4620-11ed-b878-0242ac120002'),
       ('1228f07a-462f-11ed-b878-0242ac120002', '4937378e-4620-11ed-b878-0242ac120002'),
       ('1228e986-462f-11ed-b878-0242ac120002', '49373afe-4620-11ed-b878-0242ac120002'),
       ('1228f304-462f-11ed-b878-0242ac120002', '4937378e-4620-11ed-b878-0242ac120002'),
       ('1228f494-462f-11ed-b878-0242ac120002', '49373afe-4620-11ed-b878-0242ac120002');

INSERT INTO test.days_lessons (day_id, lesson_id)
VALUES ('949694f0-4633-11ed-b878-0242ac120002', '1228e436-462f-11ed-b878-0242ac120002'),
       ('94969946-4633-11ed-b878-0242ac120002', '1228e436-462f-11ed-b878-0242ac120002'),
       ('94969afe-4633-11ed-b878-0242ac120002', '1228e6d4-462f-11ed-b878-0242ac120002'),
       ('94969c3e-4633-11ed-b878-0242ac120002', '1228e6d4-462f-11ed-b878-0242ac120002'),
       ('94969d7e-4633-11ed-b878-0242ac120002', '1228e7f6-462f-11ed-b878-0242ac120002'),
       ('9496a616-4633-11ed-b878-0242ac120002', '1228f07a-462f-11ed-b878-0242ac120002'),
       ('9496a878-4633-11ed-b878-0242ac120002', '1228f07a-462f-11ed-b878-0242ac120002'),
       ('9496aa62-4633-11ed-b878-0242ac120002', '1228e986-462f-11ed-b878-0242ac120002'),
       ('9496acec-4633-11ed-b878-0242ac120002', '1228f304-462f-11ed-b878-0242ac120002'),
       ('9496ae22-4633-11ed-b878-0242ac120002', '1228f494-462f-11ed-b878-0242ac120002');
INSERT INTO test.weeks (id, odd)
VALUES ('84c93306-47ba-11ed-b878-0242ac120002', FALSE),
       ('84c93586-47ba-11ed-b878-0242ac120002', TRUE);
INSERT INTO test.weeks_days (week_id, day_id)
VALUES ('84c93306-47ba-11ed-b878-0242ac120002', '949694f0-4633-11ed-b878-0242ac120002'),
       ('84c93306-47ba-11ed-b878-0242ac120002', '94969946-4633-11ed-b878-0242ac120002'),
       ('84c93306-47ba-11ed-b878-0242ac120002', '94969afe-4633-11ed-b878-0242ac120002'),
       ('84c93306-47ba-11ed-b878-0242ac120002', '94969c3e-4633-11ed-b878-0242ac120002'),
       ('84c93306-47ba-11ed-b878-0242ac120002', '94969d7e-4633-11ed-b878-0242ac120002'),
       ('84c93306-47ba-11ed-b878-0242ac120002', '94969d8e-4633-11ed-b878-0242ac120002'),
       ('84c93306-47ba-11ed-b878-0242ac120002', '94969d9e-4633-11ed-b878-0242ac120002'),
       ('84c93586-47ba-11ed-b878-0242ac120002', '9496a616-4633-11ed-b878-0242ac120002'),
       ('84c93586-47ba-11ed-b878-0242ac120002', '9496a878-4633-11ed-b878-0242ac120002'),
       ('84c93586-47ba-11ed-b878-0242ac120002', '9496aa62-4633-11ed-b878-0242ac120002'),
       ('84c93586-47ba-11ed-b878-0242ac120002', '9496acec-4633-11ed-b878-0242ac120002'),
       ('84c93586-47ba-11ed-b878-0242ac120002', '9496ae22-4633-11ed-b878-0242ac120002'),
       ('84c93586-47ba-11ed-b878-0242ac120002', '9496ae23-4633-11ed-b878-0242ac120002'),
       ('84c93586-47ba-11ed-b878-0242ac120002', '9496ae24-4633-11ed-b878-0242ac120002');
INSERT INTO test.schedule (id, start_time, end_time)
VALUES ('b5fd8224-47ba-11ed-b878-0242ac120002', '2022-09-01 08:00:00', '2022-12-31 18:00:00');
INSERT INTO test.schedule_weeks (schedule_id, week_id)
VALUES ('b5fd8224-47ba-11ed-b878-0242ac120002', '84c93306-47ba-11ed-b878-0242ac120002'),
       ('b5fd8224-47ba-11ed-b878-0242ac120002', '84c93586-47ba-11ed-b878-0242ac120002');
INSERT INTO test.users (username, password, person_id, role)
VALUES ('admin', '$2a$10$MWLFBwtEu34/jyrj/.9lXORA8Ts08rKrQnA0Xj6C1HFzgIVS83lLW', NULL, 'ADMIN'),
       ('student', '$2a$10$eHKEKWaA0uRS04Av.qzVnuvECJosC9yFFgQ9n/Hp2NuBbrnzXDlXG', 'f92afb9e-462a-11ed-b878-0242ac120002', 'STUDENT'),
       ('teacher', '$2a$10$w9O9ojyV4ENYDAWipXBwFOEBSCrnKLhYMRdvFnaaR18bG0x1Gfd5W', 'e966f608-4621-11ed-b878-0242ac120002', 'TEACHER');